"ID";"Título";"Descrição";"Órgão";"Norma/Evidência";"Requisitos Modelo IDE";"Mais informações";"Observações"
"1";"Objetivo Estratégico de Inclusão e Equidade";"A Enap explicita em seu planejamento estratégico a inclusão e a equidade de gênero, raça e outras diversidades. A página oficial do Rotas para Acessibilidade reproduz esse objetivo e um indicador associado.";"Fundação Escola Nacional de Administração Pública (Enap)";"Página oficial Rotas para Acessibilidade — Sobre, seção “Alinhamento ao Compromisso da Enap com a Acessibilidade”, subseção “Mapa Estratégico”.";"1. O Planejamento Estratégico da Instituição prevê na sua missão, visão, valores organizacionais ou nos objetivos estratégicos a temática da diversidade, equidade e inclusão?";"https://www.enap.gov.br/educacao-e-capacitacao/rotas/sobre/";"R01 — evidência explícita do objetivo estratégico na página institucional."
"2";"Programa de Governança Institucional";"Integra estratégia, processos, projetos, riscos, privacidade e dados, com princípios de diversidade e inclusão.";"Fundação Escola Nacional de Administração Pública (Enap)";"Resolução Enap nº 77/2025, referenciada na página oficial do Programa.";"2. Possui política/compromisso formalmente instituído para a promoção de equidade e inclusão de gênero e raça?
14. As diretrizes de gestão e documentos relativos à promoção da equidade e inclusão de gênero e raça estão disponíveis para livre acesso ao público interno e externo?
33. A instituição promove a cultura da integridade visando garantir o respeito e a valorização da diversidade?";"https://www.enap.gov.br/acesso-a-informacao/acoes-e-programas/programa-de-governan%C3%A7a-institucional-da-enap/";"R02 e R33 — contribuição normativa; R14 — acesso público."
"3";"Comitê de Diversidades, Equidade e Inclusão";"Instância formal para coordenar igualdade de oportunidades, eliminar discriminações e consolidar uma cultura inclusiva.";"Fundação Escola Nacional de Administração Pública (Enap)";"Portaria Enap nº 40, de 24/07/2024, arts. 1º a 4º.";"2. Possui política/compromisso formalmente instituído para a promoção de equidade e inclusão de gênero e raça?
4. Possui política/compromisso formal voltado ao combate à discriminação e ao desrespeito a direitos relacionados a gênero e raça?
8. Há instâncias especializadas para a promoção da temática de diversidade e inclusão de gênero e raça na instituição (comitês, comissões e/ou unidades especializadas)?
10. A alta administração apoia e dá suporte à agenda institucional de promoção de equidade e inclusão de gênero e raça?";"https://repositorio.enap.gov.br/handle/1/7958";"R02, R04 e R08 — evidência direta; R10 — suporte institucional."
"4";"Representatividade na Composição do Comitê de Diversidades, Equidade e Inclusão";"A composição deve buscar representatividade de gênero, etnia, raça e outras dimensões. O critério alcança este colegiado.";"Fundação Escola Nacional de Administração Pública (Enap)";"Portaria Enap nº 40/2024, art. 8º.";"11. Há critério de diversidade de gênero e/ou raça para composição de grupos de governança (conselhos, comitês, comissões, grupos de trabalho)?";"https://repositorio.enap.gov.br/handle/1/7958";"R11 — critério formal para o Comitê; não demonstra aplicação a todos os colegiados. Confirmar aplicação no ato de designação."
"5";"Plano Anual e Diagnósticos de Diversidades";"O Comitê deve estruturar plano anual, realizar diagnósticos e acompanhar implementação e atividades.";"Fundação Escola Nacional de Administração Pública (Enap)";"Portaria Enap nº 40/2024, art. 4º, II, III, VI e IX.";"3. Possui um programa/projeto/plano de ação estruturado para a gestão da diversidade com foco em gênero e raça?
15. Há divulgação periódica para a sociedade das iniciativas e resultado adotados pela instituição pertinentes ao tema equidade e inclusão de gênero e raça?
17. A instituição monitora de forma estruturada e contínua a diversidade da força de trabalho quanto a gênero e raça?";"https://repositorio.enap.gov.br/handle/1/7958";"R03, R15 e R17 — contribuição normativa; juntar plano, diagnóstico e relatório."
"6";"Ações Afirmativas nas Aprendizagens";"A norma disciplina reservas de vagas, prioridades, bonificações e representação diversa na instrutoria.";"Fundação Escola Nacional de Administração Pública (Enap)";"Resolução Enap nº 76, de 27/03/2025, art. 1º.";"2. Possui política/compromisso formalmente instituído para a promoção de equidade e inclusão de gênero e raça?
20. A oferta e a participação nas capacitações observam critérios de diversidade de gênero e raça?
26. A instituição adota o critério de representatividade de gênero e raça na composição das mesas de eventos institucionais (celebração e capacitação)?";"https://repositorio.enap.gov.br/bitstream/1/8537/1/R76.2025.pdf";"R02 e R20 — evidência normativa; R26 — contribuição na instrutoria, confirmar mesas de eventos."
"7";"Reservas de Vagas e Paridade no MBA em Ciência de Dados e Inteligência Artificial Aplicadas";"O processo de 2026 prevê reservas para grupos discriminados e paridade de gênero, operacionalizadas na inscrição.";"Fundação Escola Nacional de Administração Pública (Enap)";"Edital Enap nº 230/2026, itens 4 a 6, MBA em Ciência de Dados e Inteligência Artificial Aplicadas, 2ª edição.";"18. Há sistema de cotas para gênero e raça no ingresso da instituição?
20. A oferta e a participação nas capacitações observam critérios de diversidade de gênero e raça?
38. Há variáveis relacionadas à gênero e a raça nos documentos e formulários destinados ao atendimento e manifestação da cidadã usuária ou do cidadão usuário?";"https://www.enap.gov.br/docs/679/SEI_1017782_Edital_230.pdf";"R20 — evidência direta; R38 — gênero e raça na seleção educacional; R18 — apenas ingresso discente."
"8";"Formulário Inclusivo do Banco de Colaboradores";"Formulário público registra autodeclaração racial e opção por vagas reservadas para pessoas negras e indígenas.";"Fundação Escola Nacional de Administração Pública (Enap)";"Chamada Pública Simplificada nº 225, formulário oficial, seções 4 e 6.";"20. A oferta e a participação nas capacitações observam critérios de diversidade de gênero e raça?
38. Há variáveis relacionadas à gênero e a raça nos documentos e formulários destinados ao atendimento e manifestação da cidadã usuária ou do cidadão usuário?";"https://centraldeinscricoes.enap.gov.br/chamada-publica-225/";"R38 — evidência racial no atendimento à seleção; R20 — seleção de docentes, contribuição. Verificar vigência pelo edital associado."
"9";"Plano Setorial de Enfrentamento às Violências";"Aprovação formal de programa interno de prevenção e enfrentamento de assédio e discriminação.";"Fundação Escola Nacional de Administração Pública (Enap)";"Resolução Enap nº 93, de 19/05/2026, que aprova o PSEAD.";"3. Possui um programa/projeto/plano de ação estruturado para a gestão da diversidade com foco em gênero e raça?
4. Possui política/compromisso formal voltado ao combate à discriminação e ao desrespeito a direitos relacionados a gênero e raça?
5. Possui um programa estruturado para a prevenção da discriminação e do desrespeito a direitos relacionados a gênero e raça?";"https://repositorio.enap.gov.br/bitstream/1/9911/2/R.93-2026.pdf";"R03, R04 e R05 — evidência normativa direta."
"10";"Fluxo de Tratamento de Denúncias do PSEAD";"Define públicos, salvaguardas, responsabilidades e procedimentos de registro e apuração.";"Fundação Escola Nacional de Administração Pública (Enap)";"PSEAD/Enap 2026, seção de tratamento da denúncia, pp. 34–46.";"6. Adota protocolos pré-estabelecidos e divulgados internamente para o tratamento de denúncias de discriminação e de desrespeito a direitos relacionados a gênero e raça?
9. Há instâncias para apurar, de forma qualificada, a discriminação e o desrespeito a direitos relacionados a gênero e raça (comitês, comissões e/ou unidades especializadas)?
22. Há serviço especializado para acolhimento às vítimas de discriminação e aos direitos relacionados a gênero e raça?";"https://repositorio.enap.gov.br/bitstream/1/9911/3/PSEAD.2026.pdf";"R06 e R09 — protocolo documentado; R22 — contribuição. Confirmar divulgação interna e execução."
"11";"Núcleo e Rede de Acolhimento no PSEAD";"Prevê criação de núcleo, formação das equipes, canais acessíveis e acompanhamento.";"Fundação Escola Nacional de Administração Pública (Enap)";"PSEAD/Enap 2026, pp. 27–33.";"22. Há serviço especializado para acolhimento às vítimas de discriminação e aos direitos relacionados a gênero e raça?";"https://repositorio.enap.gov.br/bitstream/1/9911/3/PSEAD.2026.pdf";"R22 — previsão de serviço especializado; execução não comprovada."
"12";"Formação Interna e Saúde no PSEAD";"Prevê capacitação de gestão e equipes, prevenção de riscos e promoção da saúde.";"Fundação Escola Nacional de Administração Pública (Enap)";"PSEAD/Enap 2026, pp. 19–26.";"13. A capacitação continuada de gestores e lideranças da instituição contempla aspectos de inclusão da diversidade com foco em gênero e raça?
21. Há investimentos anuais para a capacitação e sensibilização da força de trabalho na temática de equidade e inclusão de gênero e raça?
23. Há programas de promoção da saúde e qualidade de vida no trabalho com recorte de gênero e raça?";"https://repositorio.enap.gov.br/bitstream/1/9911/3/PSEAD.2026.pdf";"R13, R21 e R23 — previsão; verificar recortes e continuidade. Juntar registros de participação e execução."
"13";"Requisitos Contratuais no PSEAD";"Prevê cláusulas e requisitos para docentes e serviços de mão de obra.";"Fundação Escola Nacional de Administração Pública (Enap)";"PSEAD/Enap 2026, p. 22 e pp. 47–52.";"27. Existem critérios de contratação de prestação de serviços e outros que contemplam gênero e raça?";"https://repositorio.enap.gov.br/bitstream/1/9911/3/PSEAD.2026.pdf";"R27 — previsão antidiscriminatória; não comprova reserva de contratação. Conferir incorporação nos contratos."
"14";"Monitoramento, Comunicação e Reporte do PSEAD";"Prevê indicadores, relatórios e comunicação anual para acompanhar o plano.";"Fundação Escola Nacional de Administração Pública (Enap)";"PSEAD/Enap 2026, pp. 54–61.";"15. Há divulgação periódica para a sociedade das iniciativas e resultado adotados pela instituição pertinentes ao tema equidade e inclusão de gênero e raça?
16. A instituição apresenta os resultados de suas políticas sobre equidade e inclusão de gênero e raça à órgão ou entidade externa (Órgão de controle, CNJ, CNMP, TCU, OIT, AUDIN, etc.)? 
17. A instituição monitora de forma estruturada e contínua a diversidade da força de trabalho quanto a gênero e raça?
28. Existem ações de comunicação inclusiva que contemplem questões de gênero e raça?";"https://repositorio.enap.gov.br/bitstream/1/9911/3/PSEAD.2026.pdf";"R15, R16, R17 e R28 — previsão; execução a comprovar. Confirmar emissão dos relatórios."
"15";"Divulgação do Plano Setorial de Enfrentamento às Violências";"Notícia institucional apresenta o plano, os recortes de diversidade e os canais de acolhimento.";"Fundação Escola Nacional de Administração Pública (Enap)";"Notícia Enap, 03/09/2026, e página pública com o plano e a resolução.";"10. A alta administração apoia e dá suporte à agenda institucional de promoção de equidade e inclusão de gênero e raça?
14. As diretrizes de gestão e documentos relativos à promoção da equidade e inclusão de gênero e raça estão disponíveis para livre acesso ao público interno e externo?
15. Há divulgação periódica para a sociedade das iniciativas e resultado adotados pela instituição pertinentes ao tema equidade e inclusão de gênero e raça?
28. Existem ações de comunicação inclusiva que contemplem questões de gênero e raça?
33. A instituição promove a cultura da integridade visando garantir o respeito e a valorização da diversidade?";"https://www.enap.gov.br/acontece/noticias/enap-institui-plano-setorial-de-enfrentamento-ao-ass%C3%A9dio-e-%C3%A0-discrimina%C3%A7%C3%A3o/";"R10, R14, R15 e R28 — evidência de divulgação; R33 — valorização da diversidade."
"16";"Ouvidoria da Enap e Canal Oficial Fala.Br";"A Enap divulga registro de denúncias, acompanhamento e atendimento presencial.";"Fundação Escola Nacional de Administração Pública (Enap)";"Página oficial da Ouvidoria com instruções para manifestações, canais e horários.";"6. Adota protocolos pré-estabelecidos e divulgados internamente para o tratamento de denúncias de discriminação e de desrespeito a direitos relacionados a gênero e raça?
9. Há instâncias para apurar, de forma qualificada, a discriminação e o desrespeito a direitos relacionados a gênero e raça (comitês, comissões e/ou unidades especializadas)?
22. Há serviço especializado para acolhimento às vítimas de discriminação e aos direitos relacionados a gênero e raça?";"https://www.enap.gov.br/acesso-a-informacao/ouvidoria-e-transparencia/";"R06 — canal divulgado; R09 e R22 — contribuição, canal não equivale a serviço especializado."
"17";"Corregedoria da Enap";"Unidade setorial do Siscor atua na prevenção de irregularidades e responsabilização disciplinar.";"Fundação Escola Nacional de Administração Pública (Enap)";"Decreto nº 12.300/2024 e página oficial Conheça a Corregedoria.";"9. Há instâncias para apurar, de forma qualificada, a discriminação e o desrespeito a direitos relacionados a gênero e raça (comitês, comissões e/ou unidades especializadas)?";"https://www.enap.gov.br/acesso-a-informacao/conheca-a-corregedoria/";"R09 — instância de apuração; qualificação específica deve ser documentada."
"18";"Implementação do Guia Lilás na Enap";"Orientações federais para prevenção e tratamento de assédio e discriminação com atenção a gênero e raça.";"Fundação Escola Nacional de Administração Pública (Enap)";"Página da Ouvidoria remete ao Guia Lilás atualizado da CGU.";"4. Possui política/compromisso formal voltado ao combate à discriminação e ao desrespeito a direitos relacionados a gênero e raça?
6. Adota protocolos pré-estabelecidos e divulgados internamente para o tratamento de denúncias de discriminação e de desrespeito a direitos relacionados a gênero e raça?
14. As diretrizes de gestão e documentos relativos à promoção da equidade e inclusão de gênero e raça estão disponíveis para livre acesso ao público interno e externo?
33. A instituição promove a cultura da integridade visando garantir o respeito e a valorização da diversidade?
34. Há normatização e/ou orientação do uso do banheiro para pessoas transexuais/transgênerona instituição?";"https://www.enap.gov.br/acesso-a-informacao/ouvidoria-e-transparencia/";"R04, R06, R14 e R33 — orientação pública; R34 — não comprova regra local sobre banheiros."
"19";"Programa Formação de Iniciativas Antirracistas — Fiar";"Parceria com o MIR para formação, conhecimento e enfrentamento das desigualdades raciais no serviço público.";"Fundação Escola Nacional de Administração Pública (Enap)";"Notícia oficial de lançamento do Fiar, 2023.";"3. Possui um programa/projeto/plano de ação estruturado para a gestão da diversidade com foco em gênero e raça?
10. A alta administração apoia e dá suporte à agenda institucional de promoção de equidade e inclusão de gênero e raça?
13. A capacitação continuada de gestores e lideranças da instituição contempla aspectos de inclusão da diversidade com foco em gênero e raça?
21. Há investimentos anuais para a capacitação e sensibilização da força de trabalho na temática de equidade e inclusão de gênero e raça?
32. Há iniciativas implementadas pela instituição que contemplam a defesa dos direitos humanos?
35. Foram firmadas parcerias qualificadas para tratar das temáticas de gênero e raça com outras instituições públicas, organismos internacionais e/ou sociedade organizada (OSCIP, associações, etc.)?
37. Há a promoção de eventos e sensibilização que abordem a temática de equidade e inclusão de gênero e raça para a comunidade? ";"https://www.enap.gov.br/acontece/noticias/enap-e-mir-lancam-programa-para-combater-racismo-e-estimular-lideranca-de-pretos-e-pardos-no-setor-publico/";"R03, R10, R21, R32, R35 e R37 — contribuição institucional; R13 exige participação interna."
"20";"Programa Formação e Iniciativas Feministas — FIF";"Portfólio estruturado de formação para igualdade de gênero nas políticas públicas.";"Fundação Escola Nacional de Administração Pública (Enap)";"Portfólio de Programas Estratégicos da Enap 2023–2026.";"3. Possui um programa/projeto/plano de ação estruturado para a gestão da diversidade com foco em gênero e raça?
13. A capacitação continuada de gestores e lideranças da instituição contempla aspectos de inclusão da diversidade com foco em gênero e raça?
21. Há investimentos anuais para a capacitação e sensibilização da força de trabalho na temática de equidade e inclusão de gênero e raça?
32. Há iniciativas implementadas pela instituição que contemplam a defesa dos direitos humanos?
35. Foram firmadas parcerias qualificadas para tratar das temáticas de gênero e raça com outras instituições públicas, organismos internacionais e/ou sociedade organizada (OSCIP, associações, etc.)?
37. Há a promoção de eventos e sensibilização que abordem a temática de equidade e inclusão de gênero e raça para a comunidade? ";"https://enap.gov.br/docs/161/Portf%C3%B3lio_Programas_Estrat%C3%A9gicos_Enap_23_26.pptx.pdf";"R03, R21, R32, R35 e R37 — ação finalística; R13 depende de registros de gestores da Enap."
"21";"Prestação de Contas dos Resultados do Fiar";"Enap, MIR e MGI apresentam ações do programa e promovem debates sobre desigualdades.";"Fundação Escola Nacional de Administração Pública (Enap)";"Notícia oficial do encontro de apresentação de ações de 2024.";"15. Há divulgação periódica para a sociedade das iniciativas e resultado adotados pela instituição pertinentes ao tema equidade e inclusão de gênero e raça?
16. A instituição apresenta os resultados de suas políticas sobre equidade e inclusão de gênero e raça à órgão ou entidade externa (Órgão de controle, CNJ, CNMP, TCU, OIT, AUDIN, etc.)? 
35. Foram firmadas parcerias qualificadas para tratar das temáticas de gênero e raça com outras instituições públicas, organismos internacionais e/ou sociedade organizada (OSCIP, associações, etc.)?
37. Há a promoção de eventos e sensibilização que abordem a temática de equidade e inclusão de gênero e raça para a comunidade? ";"https://www.enap.gov.br/acontece/noticias/enap-mir-e-mgi-apresentam-acoes-de-2024-no-ambito-do-fiar/";"R15, R35 e R37 — evidência; R16 — apresentação a parceiros, verificar relatório formal."
"22";"Observatório de Programas Estratégicos";"Portal público reúne iniciativas de formação antirracista, feminista e de cuidados.";"Fundação Escola Nacional de Administração Pública (Enap)";"Observatório da Enap.";"14. As diretrizes de gestão e documentos relativos à promoção da equidade e inclusão de gênero e raça estão disponíveis para livre acesso ao público interno e externo?
15. Há divulgação periódica para a sociedade das iniciativas e resultado adotados pela instituição pertinentes ao tema equidade e inclusão de gênero e raça?
17. A instituição monitora de forma estruturada e contínua a diversidade da força de trabalho quanto a gênero e raça?";"https://observatorio.enap.gov.br/";"R14 e R15 — transparência; R17 — não substitui dados da força de trabalho. Dados dinâmicos consultados em 09/10/2026."
"23";"LideraGOV Extraordinário para Pessoas Negras";"Edição específica desenvolve lideranças negras mediante processo seletivo e formação.";"Fundação Escola Nacional de Administração Pública (Enap)";"Notícia Enap de lançamento da 4ª edição extraordinária, 2023.";"12. A organização observa critérios de diversidade de gênero e raça na designação de cargos de chefia?
19. Há critério de diversidade de gênero e/ou raça para designação de funções ou cargos comissionados?
20. A oferta e a participação nas capacitações observam critérios de diversidade de gênero e raça?
21. Há investimentos anuais para a capacitação e sensibilização da força de trabalho na temática de equidade e inclusão de gênero e raça?
35. Foram firmadas parcerias qualificadas para tratar das temáticas de gênero e raça com outras instituições públicas, organismos internacionais e/ou sociedade organizada (OSCIP, associações, etc.)?";"https://www.enap.gov.br/acontece/noticias/enap-realiza-lancamento-do-curso-lideragov-exclusivo-para-pessoas-negras/";"R20, R21 e R35 — formação afirmativa; R12 e R19 — não comprova nomeações internas."
"24";"LideraGOV 6.0 com Reservas e Paridade";"A edição iniciada em 2026 contempla paridade e reserva para grupos historicamente discriminados.";"Fundação Escola Nacional de Administração Pública (Enap)";"Notícia oficial Enap e MGI iniciam sexta edição do programa, 2026.";"12. A organização observa critérios de diversidade de gênero e raça na designação de cargos de chefia?
19. Há critério de diversidade de gênero e/ou raça para designação de funções ou cargos comissionados?
20. A oferta e a participação nas capacitações observam critérios de diversidade de gênero e raça?
35. Foram firmadas parcerias qualificadas para tratar das temáticas de gênero e raça com outras instituições públicas, organismos internacionais e/ou sociedade organizada (OSCIP, associações, etc.)?";"https://www.enap.gov.br/acontece/noticias/enap-e-mgi-iniciam-sexta-edi%C3%A7%C3%A3o-do-programa-lideragov/";"R20 e R35 — evidência; R12 e R19 — contribuição na formação de lideranças."
"25";"Rede de Mulheres Negras Líderes";"Rede da Enap e do MIR, com apoio da Fundação Lemann, fortalece conexões e desenvolvimento de lideranças.";"Fundação Escola Nacional de Administração Pública (Enap)";"Notícia de apresentação das diretrizes e ações da Rede para 2024.";"20. A oferta e a participação nas capacitações observam critérios de diversidade de gênero e raça?
25. Há iniciativas práticas voltadas ao reconhecimento e valorização dos trabalhadores (as) considerando critério da diversidade com foco em gênero e raça?
35. Foram firmadas parcerias qualificadas para tratar das temáticas de gênero e raça com outras instituições públicas, organismos internacionais e/ou sociedade organizada (OSCIP, associações, etc.)?
37. Há a promoção de eventos e sensibilização que abordem a temática de equidade e inclusão de gênero e raça para a comunidade? ";"https://www.enap.gov.br/acontece/noticias/rede-de-mulheres-negras-lideres-no-setor-publico-apresenta-diretrizes-e-acoes-para-o-ano-de-2024/";"R20, R25, R35 e R37 — valorização e formação externas; R25 interno a confirmar."
"26";"Mentoria Coletiva para Lideranças Negras";"Mentoria promove apoio e desenvolvimento profissional de mulheres negras em gestão.";"Fundação Escola Nacional de Administração Pública (Enap)";"Notícia Enap promove mentoria coletiva dedicada ao fortalecimento de redes para lideranças negras.";"20. A oferta e a participação nas capacitações observam critérios de diversidade de gênero e raça?
25. Há iniciativas práticas voltadas ao reconhecimento e valorização dos trabalhadores (as) considerando critério da diversidade com foco em gênero e raça?
35. Foram firmadas parcerias qualificadas para tratar das temáticas de gênero e raça com outras instituições públicas, organismos internacionais e/ou sociedade organizada (OSCIP, associações, etc.)?";"https://www.enap.gov.br/acontece/noticias/enap-promove-mentoria-coletiva-dedicada-ao-fortalecimento-de-redes-para-liderancas-negras/";"R20, R25 e R35 — contribuição finalística; participação interna a verificar."
"27";"Planejamento Participativo da Rede de Mulheres Negras";"Oficina mapeia necessidades, interesses e formatos para planejar encontros e mentorias.";"Fundação Escola Nacional de Administração Pública (Enap)";"Vitrine Enap, Oficina de Planejamento 2025 da Rede, curso 2843.";"7. Na elaboração de processos, produtos e/ou serviços inovadores na instituição, o público-alvo é consultado nas fases de entendimento do problema, validação da solução escolhida, prototipagem e teste, considerando-se, para a seleção do grupo de consulta, a diversidade quanto à raça e ao gênero?";"https://suap.enap.gov.br/vitrine/curso/2843/";"R07 — escuta do público-alvo com recorte racial e de gênero; faltam as demais fases."
"28";"Curso Mulheres na Liderança";"Formação vinculada ao FIF reúne servidoras de várias regiões e amplia oportunidades de liderança.";"Fundação Escola Nacional de Administração Pública (Enap)";"Notícia oficial sobre capacitação de mulheres na liderança, 2024.";"13. A capacitação continuada de gestores e lideranças da instituição contempla aspectos de inclusão da diversidade com foco em gênero e raça?
20. A oferta e a participação nas capacitações observam critérios de diversidade de gênero e raça?
21. Há investimentos anuais para a capacitação e sensibilização da força de trabalho na temática de equidade e inclusão de gênero e raça?
37. Há a promoção de eventos e sensibilização que abordem a temática de equidade e inclusão de gênero e raça para a comunidade? ";"https://www.enap.gov.br/pt/acontece/noticias/curso-mulheres-na-lideranca-capacita-servidoras-de-diferentes-estados-do-brasil";"R20, R21 e R37 — evidência de oferta; R13 — execução para gestores internos a comprovar."
"29";"Liderança Inclusiva e Gestão das Diversidades";"Curso aborda equidade racial e de gênero, povos indígenas, deficiência e práticas organizacionais inclusivas.";"Fundação Escola Nacional de Administração Pública (Enap)";"Vitrine oficial, curso 2611, objetivos e conteúdo programático.";"13. A capacitação continuada de gestores e lideranças da instituição contempla aspectos de inclusão da diversidade com foco em gênero e raça?
21. Há investimentos anuais para a capacitação e sensibilização da força de trabalho na temática de equidade e inclusão de gênero e raça?";"https://suap.enap.gov.br/vitrine/curso/2611/";"R13 e R21 — oferta comprovada; continuidade e participação da gestão interna a verificar."
"30";"Banco de Perfis para Promoção e Gestão da Diversidade";"Pré-seleção de perfis de liderança para órgãos parceiros no Programa Líderes que Transformam.";"Fundação Escola Nacional de Administração Pública (Enap)";"Notícia Governo lança banco de perfis de liderança para promoção e gestão da diversidade.";"12. A organização observa critérios de diversidade de gênero e raça na designação de cargos de chefia?
19. Há critério de diversidade de gênero e/ou raça para designação de funções ou cargos comissionados?";"https://www.enap.gov.br/acontece/noticias/governo-lanca-banco-de-perfis-de-lideranca-para-promocao-e-gestao-da-diversidade/";"R12 e R19 — contribuição externa; não comprova critérios de nomeação na Enap."
"31";"Python para Análise de Dados Exclusivo para Mulheres";"Trilha com docentes mulheres e certificação em programação e análise de dados.";"Fundação Escola Nacional de Administração Pública (Enap)";"Relatório de Gestão 2024, pp. 20–21.";"20. A oferta e a participação nas capacitações observam critérios de diversidade de gênero e raça?
21. Há investimentos anuais para a capacitação e sensibilização da força de trabalho na temática de equidade e inclusão de gênero e raça?";"https://enap.gov.br/docs/160/DIREX_RELATORIO_DE_GESTAO_2024_v3_1.pdf";"R20 — evidência; R21 — oferta, investimento interno a comprovar."
"32";"Disciplina de Equidade de Gênero e Raça nos MBAs";"Disciplina transversal ofertada em MBAs da Escola em 2024.";"Fundação Escola Nacional de Administração Pública (Enap)";"Relatório de Gestão 2024, p. 32.";"13. A capacitação continuada de gestores e lideranças da instituição contempla aspectos de inclusão da diversidade com foco em gênero e raça?
21. Há investimentos anuais para a capacitação e sensibilização da força de trabalho na temática de equidade e inclusão de gênero e raça?";"https://enap.gov.br/docs/160/DIREX_RELATORIO_DE_GESTAO_2024_v3_1.pdf";"R13 e R21 — contribuição curricular; gestores da Enap a confirmar."
"33";"Sala de Amamentação da Enap";"Espaço institucional de apoio às lactantes, integrado à gestão de pessoas e ao PQVT.";"Fundação Escola Nacional de Administração Pública (Enap)";"Notícia de inauguração da sala, 05/09/2024.";"23. Há programas de promoção da saúde e qualidade de vida no trabalho com recorte de gênero e raça?
24.  Há,  na  instituição,  política  de  benefícios  que  contemple  e  promova  a equidade e inclusão de gênero e raça.";"https://www.enap.gov.br/acontece/noticias/enap-inaugura-sala-de-amamentacao-e-lanca-programa-maternidade-conectada/";"R23 — prática interna de gênero; R24 — apoio material, política formal ampla a verificar."
"34";"Programa Maternidade Conectada";"Acolhe mães nos 90 dias após retorno da licença-maternidade.";"Fundação Escola Nacional de Administração Pública (Enap)";"Notícia de lançamento pela CGGP e PQVT, 05/09/2024.";"23. Há programas de promoção da saúde e qualidade de vida no trabalho com recorte de gênero e raça?
24.  Há,  na  instituição,  política  de  benefícios  que  contemple  e  promova  a equidade e inclusão de gênero e raça.
25. Há iniciativas práticas voltadas ao reconhecimento e valorização dos trabalhadores (as) considerando critério da diversidade com foco em gênero e raça?";"https://www.enap.gov.br/acontece/noticias/enap-inaugura-sala-de-amamentacao-e-lanca-programa-maternidade-conectada/";"R23 — prática interna de gênero; R24 e R25 — contribuição, recorte racial e norma a verificar."
"35";"Roda de Conversa sobre Maternidade";"Encontro compartilha experiências de mães e discute o papel da mulher e mãe negra.";"Fundação Escola Nacional de Administração Pública (Enap)";"Notícia Enap promove roda de conversa sobre o Dia das Mães, 2025.";"23. Há programas de promoção da saúde e qualidade de vida no trabalho com recorte de gênero e raça?
25. Há iniciativas práticas voltadas ao reconhecimento e valorização dos trabalhadores (as) considerando critério da diversidade com foco em gênero e raça?";"https://www.enap.gov.br/acontece/noticias/enap-promove-roda-de-conversa-sobre-o-dia-das-maes-com-compartilhamento-de-experiencias-entre-poderosas-mulheres/";"R23 e R25 — sensibilização interna; não comprova programa permanente com recorte racial."
"36";"Mulheres em Movimento: Vamos Todas Juntas";"Programação sobre direitos, teletrabalho, liderança, saúde das mulheres e violência de gênero.";"Fundação Escola Nacional de Administração Pública (Enap)";"Vitrine Enap, curso/evento 1185, março de 2021.";"23. Há programas de promoção da saúde e qualidade de vida no trabalho com recorte de gênero e raça?
28. Existem ações de comunicação inclusiva que contemplem questões de gênero e raça?
37. Há a promoção de eventos e sensibilização que abordem a temática de equidade e inclusão de gênero e raça para a comunidade? ";"https://suap.enap.gov.br/vitrine/curso/1185/";"R23, R28 e R37 — contribuição histórica; continuidade atual a verificar."
"37";"Gênero e Raça nas Comunicações Públicas";"Curso e palestra promovem análise crítica de imagens e conteúdos para comunicação inclusiva.";"Fundação Escola Nacional de Administração Pública (Enap)";"Notícia oficial sobre abertura do curso, 2024.";"28. Existem ações de comunicação inclusiva que contemplem questões de gênero e raça?
29. A instituição adota linguagem inclusiva, não sexista e flexão de gênero na comunicação?
30. A instituição adota critério da diversidade no uso de imagens para campanhas?";"https://www.enap.gov.br/acontece/noticias/palestra-marca-inicio-do-curso-genero-e-raca-nas-comunicacoes-publicas-na-enap/";"R28 — evidência; R29 e R30 — contribuição formativa, adoção interna a verificar."
"38";"Orientações de Linguagem Simples e Não Sexista";"Apostila orienta evitar termos discriminatórios e sexistas na comunicação pública.";"Fundação Escola Nacional de Administração Pública (Enap)";"Apostila do curso Linguagem Simples no Setor Público, publicada pela Enap.";"29. A instituição adota linguagem inclusiva, não sexista e flexão de gênero na comunicação?";"https://repositorio.enap.gov.br/bitstream/1/6181/1/Apostila%20do%20curso%20Linguagem%20Simples%20no%20Setor%20Pu%CC%81blico.pdf";"R29 — orientação pedagógica; juntar diretriz e amostras institucionais para comprovar adoção."
"39";"Guia de Oficinas Virtuais com Linguagem Inclusiva";"Material orienta respeito ao nome social e aos pronomes e uso de expressões inclusivas.";"Fundação Escola Nacional de Administração Pública (Enap)";"Mini Guia Como fazer oficinas virtuais de Linguagem Simples.";"29. A instituição adota linguagem inclusiva, não sexista e flexão de gênero na comunicação?
32. Há iniciativas implementadas pela instituição que contemplam a defesa dos direitos humanos?";"https://repositorio.enap.gov.br/bitstream/1/7696/2/Mini%20Guia%20Como%20fazer%20oficinas%20virtuais%20de%20Linguagem%20Simples.pdf";"R29 — orientação; R32 — contribuição ao respeito à identidade."
"40";"Enap em Órbita sobre Raça e Gênero";"Debate com especialistas em inclusão, desigualdades e participação social.";"Fundação Escola Nacional de Administração Pública (Enap)";"Notícia Enap em Órbita debate inclusão e diversidade de raça e gênero, 06/06/2023.";"26. A instituição adota o critério de representatividade de gênero e raça na composição das mesas de eventos institucionais (celebração e capacitação)?
28. Existem ações de comunicação inclusiva que contemplem questões de gênero e raça?
37. Há a promoção de eventos e sensibilização que abordem a temática de equidade e inclusão de gênero e raça para a comunidade? ";"https://www.enap.gov.br/acontece/noticias/enap-em-orbita-debate-inclusao-e-diversidade-de-raca-e-genero-no-setor-publico/";"R26 — exemplo de composição; R28 e R37 — sensibilização pública."
"41";"Encontro Latino-Americano de Igualdade de Gênero";"Evento com Enap, MGI, CLAD, CAF e ONU Mulheres para troca de experiências de paridade.";"Fundação Escola Nacional de Administração Pública (Enap)";"Vitrine Enap, evento 2486, programação e parceiros.";"26. A instituição adota o critério de representatividade de gênero e raça na composição das mesas de eventos institucionais (celebração e capacitação)?
35. Foram firmadas parcerias qualificadas para tratar das temáticas de gênero e raça com outras instituições públicas, organismos internacionais e/ou sociedade organizada (OSCIP, associações, etc.)?
37. Há a promoção de eventos e sensibilização que abordem a temática de equidade e inclusão de gênero e raça para a comunidade? ";"https://suap.enap.gov.br/vitrine/curso/2486/";"R26 — programação temática; R35 e R37 — evidência; critério geral de mesas a verificar."
"42";"Participação da Enap na Rede Equidade";"Integra rede pública para compartilhar práticas e ações de diversidade, gênero e raça.";"Fundação Escola Nacional de Administração Pública (Enap)";"Página Quem somos da Rede Equidade, Congresso Nacional, lista de instituições.";"16. A instituição apresenta os resultados de suas políticas sobre equidade e inclusão de gênero e raça à órgão ou entidade externa (Órgão de controle, CNJ, CNMP, TCU, OIT, AUDIN, etc.)? 
35. Foram firmadas parcerias qualificadas para tratar das temáticas de gênero e raça com outras instituições públicas, organismos internacionais e/ou sociedade organizada (OSCIP, associações, etc.)?";"https://www.congressonacional.leg.br/en/institucional/rede-equidade/quem-somos";"R35 — parceria comprovada; R16 — adesão não comprova reporte de resultados."
"43";"Guia Diversidade no Setor Público";"Publicação da Escola organiza orientações para uma gestão inclusiva e representativa.";"Fundação Escola Nacional de Administração Pública (Enap)";"Repositório Enap, Guia Diversidade no Setor Público, 2024.";"14. As diretrizes de gestão e documentos relativos à promoção da equidade e inclusão de gênero e raça estão disponíveis para livre acesso ao público interno e externo?
28. Existem ações de comunicação inclusiva que contemplem questões de gênero e raça?
32. Há iniciativas implementadas pela instituição que contemplam a defesa dos direitos humanos?
33. A instituição promove a cultura da integridade visando garantir o respeito e a valorização da diversidade?";"https://repositorio.enap.gov.br/handle/1/8074";"R14, R28, R32 e R33 — disseminação de conhecimento."
"44";"Cátedras Negras: Pesquisa Aplicada";"Parceria com o MIR produz conhecimento sobre práticas inclusivas e igualdade racial.";"Fundação Escola Nacional de Administração Pública (Enap)";"Notícia Sou Enap e apresentação institucional das iniciativas, 2025.";"15. Há divulgação periódica para a sociedade das iniciativas e resultado adotados pela instituição pertinentes ao tema equidade e inclusão de gênero e raça?
25. Há iniciativas práticas voltadas ao reconhecimento e valorização dos trabalhadores (as) considerando critério da diversidade com foco em gênero e raça?
32. Há iniciativas implementadas pela instituição que contemplam a defesa dos direitos humanos?
35. Foram firmadas parcerias qualificadas para tratar das temáticas de gênero e raça com outras instituições públicas, organismos internacionais e/ou sociedade organizada (OSCIP, associações, etc.)?";"https://www.enap.gov.br/acontece/noticias/enap-reune-colaboradores-para-falar-sobre-resultados-iniciativas-e-lancar-novidades-da-instituicao/";"R15, R32 e R35 — produção e divulgação; R25 — valorização acadêmica, não política laboral."
"45";"Seminário Cátedras Negras sobre Reparação e Direitos";"Evento aborda convenção antirracismo, direitos constitucionais e igualdade racial.";"Fundação Escola Nacional de Administração Pública (Enap)";"Vitrine Enap, Seminário Cátedras Negras, curso 3063.";"32. Há iniciativas implementadas pela instituição que contemplam a defesa dos direitos humanos?
37. Há a promoção de eventos e sensibilização que abordem a temática de equidade e inclusão de gênero e raça para a comunidade? ";"https://suap.enap.gov.br/vitrine/curso/3063/";"R32 e R37 — defesa de direitos e sensibilização."
"46";"Empreendedoras Tech";"Programa apoia negócios tecnológicos liderados por mulheres mediante formação e mentoria.";"Fundação Escola Nacional de Administração Pública (Enap)";"Página oficial de desafios e descrição da 2ª edição, parceria MDIC, Sebrae e Impact Hub.";"32. Há iniciativas implementadas pela instituição que contemplam a defesa dos direitos humanos?
35. Foram firmadas parcerias qualificadas para tratar das temáticas de gênero e raça com outras instituições públicas, organismos internacionais e/ou sociedade organizada (OSCIP, associações, etc.)?
36. Há atividades voltadas à integração da instituição com a comunidade para a promoção de ações solidárias que contemplem aspectos da diversidade com foco em gênero e raça?";"https://desafios.enap.gov.br/index.php/pt/busca/desafios?start=20";"R32, R35 e R36 — impacto social; R36 parcial, não caracteriza por si ação solidária."
"47";"Programa de Desenvolvimento Inicial";"Formação de novos servidores aborda igualdade, diversidade e organização democrática do Estado.";"Fundação Escola Nacional de Administração Pública (Enap)";"Página oficial do PDI, parceria com MGI e descrição dos eixos.";"21. Há investimentos anuais para a capacitação e sensibilização da força de trabalho na temática de equidade e inclusão de gênero e raça?
32. Há iniciativas implementadas pela instituição que contemplam a defesa dos direitos humanos?
33. A instituição promove a cultura da integridade visando garantir o respeito e a valorização da diversidade?
35. Foram firmadas parcerias qualificadas para tratar das temáticas de gênero e raça com outras instituições públicas, organismos internacionais e/ou sociedade organizada (OSCIP, associações, etc.)?";"https://www.enap.gov.br/educacao-e-capacitacao/programa-de-desenvolvimento-inicial-pdi/";"R21, R32, R33 e R35 — formação finalística."
"48";"Rotas para Acessibilidade";"Guia institucional reúne normas e práticas para inclusão em cursos e eventos.";"Fundação Escola Nacional de Administração Pública (Enap)";"Página Fundamentos e Normas de Acessibilidade.";"20. A oferta e a participação nas capacitações observam critérios de diversidade de gênero e raça?
28. Existem ações de comunicação inclusiva que contemplem questões de gênero e raça?
32. Há iniciativas implementadas pela instituição que contemplam a defesa dos direitos humanos?";"https://www.enap.gov.br/educacao-e-capacitacao/rotas/fundamentos-e-normas-de-acessibilidade/";"R20, R28 e R32 — diversidade e acessibilidade; não substitui comprovação de gênero e raça."
"49";"Encontro sobre Cotas nas Contratações Públicas";"Evento discute inclusão laboral de mulheres em situação de violência e contou com mesa formada por mulheres.";"Fundação Escola Nacional de Administração Pública (Enap)";"Notícia Enap recebe encontro sobre Política de Cotas nas Contratações Públicas, 2024.";"26. A instituição adota o critério de representatividade de gênero e raça na composição das mesas de eventos institucionais (celebração e capacitação)?
27. Existem critérios de contratação de prestação de serviços e outros que contemplam gênero e raça?
37. Há a promoção de eventos e sensibilização que abordem a temática de equidade e inclusão de gênero e raça para a comunidade? ";"https://www.enap.gov.br/acontece/noticias/enap-recebe-encontro-sobre-politica-de-cotas-nas-contratacoes-publicas/";"R26 e R37 — evidência; R27 — sensibilização, falta contrato da Enap com aplicação."
"50";"Contratações de Instrutoria sobre Diversidade em 2026";"A transparência de contratações registra cursos sobre assédio, violência de gênero e liderança de mulheres negras.";"Fundação Escola Nacional de Administração Pública (Enap)";"Página Inexigibilidade de licitação 2026, objetos contratados.";"21. Há investimentos anuais para a capacitação e sensibilização da força de trabalho na temática de equidade e inclusão de gênero e raça?
31. Há previsão orçamentária para ações voltadas à implementação da política de equidade e inclusão de gênero e raça?";"https://www.enap.gov.br/acesso-a-informacao/licitacoes-e-contratos/inexigibilidade-de-licitacao/inexigibilidade-de-licita%C3%A7%C3%A3o-2026/";"R21 e R31 — evidência de contratação finalística; valores e dotação específica a conferir."
"51";"CPNU 2 com Inclusão e Ações Afirmativas";"Enap executa tecnicamente concurso nacional com medidas de inclusão e participação feminina.";"Fundação Escola Nacional de Administração Pública (Enap)";"Notícia oficial Publicado edital do CPNU 2, 2025.";"18. Há sistema de cotas para gênero e raça no ingresso da instituição?
32. Há iniciativas implementadas pela instituição que contemplam a defesa dos direitos humanos?";"https://www.enap.gov.br/acontece/noticias/publicado-edital-do-cpnu-2-com-3-652-vagas-e-foco-em-inclusao-seguranca-e-modernizacao-do-servico-publico/";"R18 — ação externa, não comprova ingresso no quadro próprio da Enap; R32 — contribuição."
"52";"ENAPessoas e Painéis de Gestão de Pessoas";"Plataforma e painéis acompanham indicadores da força de trabalho.";"Fundação Escola Nacional de Administração Pública (Enap)";"Relatório de Gestão 2024, seção Enapessoas.";"17. A instituição monitora de forma estruturada e contínua a diversidade da força de trabalho quanto a gênero e raça?";"https://enap.gov.br/docs/160/DIREX_RELATORIO_DE_GESTAO_2024_v3_1.pdf";"R17 — contribuição tecnológica; não comprova série contínua por gênero e raça."
"53";"SOS Rio Grande do Sul na Rede InovaGov";"Campanha solidária e acompanhamento de resultados com metodologia de OKR.";"Fundação Escola Nacional de Administração Pública (Enap)";"Iniciativa OKR de Corpo e Alma SOS Rio Grande do Sul, Rede InovaGov.";"36. Há atividades voltadas à integração da instituição com a comunidade para a promoção de ações solidárias que contemplem aspectos da diversidade com foco em gênero e raça?";"https://inovagov.enap.gov.br/quemsomos/iniciativas/78";"R36 — ação solidária; recortes de gênero e raça não demonstrados."
"54";"Semana de Inovação com Diversidade e Inclusão";"Programação pública inclui debates sobre gênero, raça, inclusão e cuidados.";"Fundação Escola Nacional de Administração Pública (Enap)";"Notícia de encerramento da Semana de Inovação 2024.";"26. A instituição adota o critério de representatividade de gênero e raça na composição das mesas de eventos institucionais (celebração e capacitação)?
35. Foram firmadas parcerias qualificadas para tratar das temáticas de gênero e raça com outras instituições públicas, organismos internacionais e/ou sociedade organizada (OSCIP, associações, etc.)?
37. Há a promoção de eventos e sensibilização que abordem a temática de equidade e inclusão de gênero e raça para a comunidade? ";"https://edicoesanteriores.enap.gov.br/index.php/pt/allcategories-pt-br/news-2024/enap-encerra-semana-de-inovacao-de-2024-e-anuncia-tema-da-edicao-de-2025-em-torno-do-meio-ambiente";"R26 — exemplos na programação; R35 e R37 — evento e parcerias."
"55";"Plano de Desenvolvimento de Pessoas 2026";"A Enap disponibiliza publicamente seu PDP, referência para verificar capacitação da equipe.";"Fundação Escola Nacional de Administração Pública (Enap)";"Página oficial com acesso ao PDP 2026.";"13. A capacitação continuada de gestores e lideranças da instituição contempla aspectos de inclusão da diversidade com foco em gênero e raça?
21. Há investimentos anuais para a capacitação e sensibilização da força de trabalho na temática de equidade e inclusão de gênero e raça?
31. Há previsão orçamentária para ações voltadas à implementação da política de equidade e inclusão de gênero e raça?";"https://www.enap.gov.br/acesso-a-informacao/acoes-e-programas/pol%C3%ADtica-nacional-de-desenvolvimento-de-pessoas-pndp/";"R13, R21 e R31 — documento de verificação; publicação sozinha não comprova atendimento. Verificar conteúdo temático e execução."
